wallstreetbets,t3_xixaw6,https://i.redd.it/fyq8t3gsjxo91.jpg
wallstreetbets,t3_xix9sq,https://www.reddit.com/r/wallstreetbets/comments/xix9sq/if_rum_hits_30_ill_take_30_shots_of_rum_live_on/
Baystreetbets,t3_xig2u3,https://www.reddit.com/r/Baystreetbets/comments/xig2u3/patriot_collars_in_spodumene_pegmatite_over_224_m/
StockMarket,t3_xipfqz,https://www.reddit.com/r/StockMarket/comments/xipfqz/thoughts_on_adobe_after_figma_news/
Economics,t3_xishrn,https://australiainstitute.org.au/post/profits-causing-inflation-in-australia-not-wages-european-central-bank-abs-data-reveal/
Economics,t3_xipsnp,https://www.brookings.edu/opinions/bidens-income-driven-repayment-plan-would-turn-student-loans-into-untargeted-grants/
Economics,t3_xio4r7,https://www.palladiummag.com/2022/08/16/in-an-aging-world-the-metropole-beckons/
Economics,t3_xifcvy,https://econfip.org/policy-briefs/inequality-and-the-decline-of-small-business/
railroading,t3_xir59s,https://www.reddit.com/r/railroading/comments/xir59s/wildcat_strikewalk_outssickoutsresignationswork/
railroading,t3_xipxwu,https://www.reddit.com/r/railroading/comments/xipxwu/we_pay_these_unions_every_time_on_time/
railroading,t3_xilloc,https://labornotes.org/2022/09/joe-biden-thinks-rail-strike-has-been-averted-do-rail-workers
railroading,t3_xil598,https://www.reddit.com/r/railroading/comments/xil598/im_sick_of_hearing_about_how_a_wildcat_cant/
wallstreetbets,t3_xiy1ua,https://i.redd.it/4ee949r2qxo91.jpg
Economics,t3_xix09s,https://blockchainunlimited.us/media/f/the-four-day-work-week-powered-by-a-growing-digital-economy
Economics,t3_xisfh9,https://www.nytimes.com/2022/09/19/business/europe-energy-crisis-factories.html
wallstreetbets,t3_xj7m97,https://www.reddit.com/r/wallstreetbets/comments/xj7m97/honestly_you_dont_make_more_money_by_saving_it/
Economics,t3_xj6mue,https://www.bloomberg.com/news/articles/2022-09-20/fed-set-to-reveal-pain-coming-in-next-stage-of-inflation-fight?srnd=premium
railroading,t3_xj49gn,https://www.reddit.com/r/railroading/comments/xj49gn/can_i_become_the_union_leader/
Baystreetbets,t3_xjj6di,https://www.reddit.com/r/Baystreetbets/comments/xjj6di/nasdaqcm_inm_inmed_pharmaceuticals_dd/
StockMarket,t3_xk34aj,https://i.redd.it/cr5r968ed7p91.jpg
railroading,t3_xjw0ra,https://www.reddit.com/r/railroading/comments/xjw0ra/the_white_house_intervention_to_block_rail_strike/
railroading,t3_xjr4y2,https://i.redd.it/grqy8ct594p91.jpg
railroading,t3_xjndqg,https://wjon.com/sauk-rapids-train-jacking-sends-one-to-hospital/
railroading,t3_xjn80l,https://www.reddit.com/r/railroading/comments/xjn80l/profit_sharing/
railroading,t3_xjkyse,https://www.reddit.com/r/railroading/comments/xjkyse/the_rail_unions_have_violated_our_rights_organize/
railroading,t3_xjh3qx,https://i.redd.it/ox37bdxh82p91.png
wallstreetbets,t3_xl0fa8,https://www.reddit.com/r/wallstreetbets/comments/xl0fa8/final_thesis_for_equities/
Baystreetbets,t3_xkpni9,https://i.redd.it/77beixfn9ca81.png
StockMarket,t3_xl1fa1,https://www.reddit.com/r/StockMarket/comments/xl1fa1/heijmans_an_undervalued_dutch_gem/
Economics,t3_xkz8ju,https://www.livemint.com/news/india/gates-foundation-announces-1-27-billion-financial-aid-to-address-poverty-11663840841823.html
railroading,t3_xksw3d,https://www.reddit.com/r/railroading/comments/xksw3d/railroaders_furious_after_last_weeks_white/
railroading,t3_xklt6g,https://omaha.com/opinion/columnists/midlands-voices-we-must-stop-abandoning-the-american-railroad-worker/article_a87e9f08-35ee-11ed-901d-c366458bcf7c.html
railroading,t3_xkdfaw,https://www.reddit.com/r/railroading/comments/xkdfaw/why_do_workers_need_rankandfile_committees_uaw/
railroading,t3_xkd6p3,https://www.reddit.com/r/railroading/comments/xkd6p3/do_you_feel_sold_out/
railroading,t3_xk6j4o,https://i.redd.it/3bqvb93v28p91.jpg
railroading,t3_xk4ltp,https://www.reddit.com/gallery/xk4ltp
railroading,t3_xk2s01,https://i.redd.it/vmrnm9jha7p91.jpg
railroading,t3_xjsw4n,https://i.redd.it/xsauhbbcn4p91.jpg
wallstreetbets,t3_xmzb09,https://www.reddit.com/r/wallstreetbets/comments/xmzb09/there_will_be_a_liquidity_and_credit_crisis_as/
Economics,t3_xmsvjw,https://markets.businessinsider.com/news/bonds/worst-bond-crash-since-1949-upset-stock-market-crowded-trades-2022-9
Economics,t3_xmnzmz,https://fortune.com/2022/09/23/larry-summers-inflation-economy-housing-stock-market-outlook/
Economics,t3_xmmoyr,https://www.repository.cam.ac.uk/handle/1810/251742
Economics,t3_xmd7ah,https://www.nytimes.com/2022/09/23/world/europe/uk-tax-cuts-economy.html
railroading,t3_xmpsea,https://www.reddit.com/r/railroading/comments/xmpsea/everyone_should_reach_out_to_the_wsws_to_join_the/
railroading,t3_xmo5qf,https://i.redd.it/fzi8odr4zrp91.jpg
railroading,t3_xmnvor,https://www.reddit.com/r/railroading/comments/xmnvor/we_need_to_see_the_vote_tally_by_region_we_cannot/
railroading,t3_xmk6z5,https://www.reddit.com/r/railroading/comments/xmk6z5/so_why_does_it_take_2_months_to_vote/
railroading,t3_xmidsj,https://www.reddit.com/r/railroading/comments/xmidsj/railroaders_furious_upon_reading_bidenbrokered/
railroading,t3_xmi4l6,https://v.redd.it/wtq93trrwop91
StockMarket,t3_xlem9f,https://i.redd.it/ivg92dq2fhp91.jpg
Economics,t3_xlfm5z,https://www.nytimes.com/2022/09/22/business/four-day-work-week-uk.html
Economics,t3_xlbgy2,https://www.deseret.com/utah/2022/9/22/23367092/utah-home-prices-falling-salt-lake-city-housing-market
Economics,t3_xl9nz0,https://fortune.com/2022/09/21/long-ugly-recession-dr-doom-nouriel-roubini/
Economics,t3_xl8fr4,https://fortune.com/2022/09/22/how-to-solve-inflation-jamie-dimon-less-regulation-interest-rate-hikes/
railroading,t3_xlit6l,https://i.redd.it/ax05l3jpaip91.jpg
railroading,t3_xli7bn,https://www.reddit.com/r/railroading/comments/xli7bn/jeremy_ferguson_and_dennis_pierce/
railroading,t3_xlg63v,https://www.reddit.com/r/railroading/comments/xlg63v/new_ta/
railroading,t3_xkpr9w,https://youtu.be/amAlieBjOp0
wallstreetbets,t3_xlwd2n,https://www.reddit.com/r/wallstreetbets/comments/xlwd2n/that_vix_spike_earlier_this_week_hasforetold_of_a/

wallstreetbets,t3_xn132c,https://www.reddit.com/r/wallstreetbets/comments/xn132c/boomers_buying_the_dip_the_bottom_is_in/
StockMarket,t3_xmum61,https://i.imgur.com/GCcmZ1Y.png
Economics,t3_xmxqqp,https://www.bloomberg.com/news/articles/2022-09-24/fed-finally-vanquishes-stocks-from-asset-allocation-throne?srnd=premium
railroading,t3_xmw2sp,https://v.redd.it/dau2bnj6jqp91
Baystreetbets,t3_xn6ic3,https://www.reddit.com/r/Baystreetbets/comments/xn6ic3/ceo_of_quantum_emotion_does_interview_with/
StockMarket,t3_xohsnk,https://i.redd.it/3b82q84k47q91.jpg
Economics,t3_xogl93,https://www.cnbc.com/2022/09/26/the-real-cure-for-inflation-has-gone-ignored-forbes-says.html
Economics,t3_xodpbo,https://www.nytimes.com/2022/09/26/business/factory-jobs-workers-rebound.html
railroading,t3_xo9w3d,https://www.reddit.com/r/railroading/comments/xo9w3d/how_the_rail_unions_plan_to_ram_through_their/
railroading,t3_xo0uxz,https://i.redd.it/y2zdytltjvp91.png
railroading,t3_xnzv54,https://www.reddit.com/r/railroading/comments/xnzv54/all_but_confirmed_rumor_bnsf_is_getting_rid_of/
railroading,t3_xnzn1k,https://i.redd.it/jl2sa6zzo2q91.jpg
railroading,t3_xnwidh,https://www.reddit.com/r/railroading/comments/xnwidh/every_carrier_across_the_country_we_got_this/
wallstreetbets,t3_xp4j10,https://i.redd.it/3k4u6dqzgbq91.png
StockMarket,t3_xp15y4,https://youtu.be/Odg5hQkNMI0
StockMarket,t3_xoy5o2,https://www.reddit.com/r/StockMarket/comments/xoy5o2/acthf_aduro_clean_technologies_ceo_discusses/
StockMarket,t3_xourqg,https://i.redd.it/vklqiwcki9q91.png
Economics,t3_xp0p9j,https://www.deseret.com/utah/2022/9/26/23373826/housing-market-home-prices-remote-work-covid-pandemic-federal-reserve?utm_campaign=katiemckellar1&amp;utm_content=chorus&amp;utm_medium=social&amp;utm_source=twitter
Economics,t3_xp041d,https://www.cnbc.com/2022/09/26/bidens-student-loan-relief-could-cost-400-billion-congressional-budget-office-says.html
Economics,t3_xozqxg,https://www.ft.com/content/a549fabb-da75-4935-a567-7128b7b04b76
Economics,t3_xow1jz,https://www.axios.com/2022/09/26/world-economy-crisis
Economics,t3_xour8s,https://www.bloomberg.com/news/articles/2022-09-26/remote-work-drove-over-60-of-house-price-surge-fed-study-finds
railroading,t3_xozmyr,https://www.reddit.com/r/railroading/comments/xozmyr/new_csx_ceo_will_he_fix_csx_or_will_it_be_screwed/
railroading,t3_xog5dm,https://www.reddit.com/r/railroading/comments/xog5dm/for_anyone_that_can_comfortably_afford_to_leave/
railroading,t3_xoeqkw,https://www.reddit.com/r/railroading/comments/xoeqkw/ballot_fraud/
StockMarket,t3_xpfb3u,https://www.reddit.com/r/StockMarket/comments/xpfb3u/significantly_increasing_global_supply_deficit/
StockMarket,t3_xpeocy,https://i.redd.it/30qflkl64eq91.png
wallstreetbets,t3_xqc5j2,https://www.reddit.com/r/wallstreetbets/comments/xqc5j2/gme_and_the_number_69_how_t69_could_be_the_secret/
Baystreetbets,t3_xpm9la,https://www.reddit.com/r/Baystreetbets/comments/xpm9la/nasdaq_ecor_electrocore_inc_dd/
StockMarket,t3_xq7a6p,https://i.redd.it/rrrobp64bkq91.jpg
Economics,t3_xq7uiu,https://www.reuters.com/world/uk/moodys-warns-uk-unfunded-tax-cuts-are-credit-negative-2022-09-28/
railroading,t3_xpx6c7,https://youtu.be/IV3lJyCiXrM
railroading,t3_xpta3e,https://i.redd.it/82tsfe7wygq91.jpg
railroading,t3_xpn681,https://www.reddit.com/r/railroading/comments/xpn681/the_carriers_cant_fill_jobs_now_and_are_forcing/
railroading,t3_xpmzio,https://districtlodge19.org/pdgc/your-solidarity-pays-off-with-a-new-stronger-tentative-agreement/
railroading,t3_xpmo09,https://www.reddit.com/r/railroading/comments/xpmo09/im_a_new_dispatcher_and_still_have_a_ton_to_learn/
railroading,t3_xpjlfg,https://i.redd.it/2oivu7ym3eq91.jpg
railroading,t3_xpetym,https://www.wsws.org/en/articles/2022/09/26/rail-s26.html
railroading,t3_xp9brl,https://www.reddit.com/r/railroading/comments/xp9brl/international_locomotive_engineer_jobs/
Baystreetbets,t3_xqhgqp,https://www.reddit.com/r/Baystreetbets/comments/xqhgqp/ese_entertainment_its_almost_time_for_earnings/
Economics,t3_xqrthw,https://www.washingtonpost.com/transportation/2022/09/26/metro-dc-transit/
Economics,t3_xqr04j,https://www.ft.com/content/36cdd5d2-18af-4745-88e8-b101fd4cab3f
Baystreetbets,t3_xr7w59,https://www.reddit.com/r/Baystreetbets/comments/xr7w59/ese_entertainment_earnings_are_out_finally/
Economics,t3_xr6if5,https://www.cnbc.com/2022/09/29/inflation-yet-to-peak-cfos-say-recession-already-here-or-soon-to-hit.html
Economics,t3_xr5tbu,https://www.ft.com/content/59c5779c-db15-4ace-a0cc-f6b8d3b03ba1
StockMarket,t3_xr7os0,https://i.redd.it/zkh3ddedtsq91.jpg
StockMarket,t3_xrks2w,https://i.redd.it/om9rfjn3ivq91.png
Economics,t3_xrq68d,https://www.economist.com/leaders/2022/09/29/markets-are-reeling-from-higher-rates-the-world-economy-is-next
Economics,t3_xrnpim,https://www.nytimes.com/2022/09/27/us/politics/scott-galloway-economy.html?smid=nytcore-ios-share&amp;referringSource=articleShare
Economics,t3_xrk47s,https://www.bankingobserver.com/articles/i-was-worried-this-was-the-beginning-of-the-end-uk-bond-market-nearly-collapses-boe-steps-in-to-save-it
Economics,t3_xrxqt2,https://www.weforum.org/agenda/2022/09/japan-low-inflation-heres-why/
StockMarket,t3_xudmjt,https://i.redd.it/0ujx45kxvjr91.jpg
Economics,t3_xugvyk,https://www.bloomberg.com/news/features/2022-10-03/rich-use-tax-loophole-to-get-deductions-now-for-donating-later?srnd=premium
Economics,t3_xufmx7,https://www.cnbc.com/2022/10/03/turkey-inflation-hits-83percent-erdogan-vows-to-keep-cutting-rates-.html
Baystreetbets,t3_xva3vb,https://www.reddit.com/r/Baystreetbets/comments/xva3vb/patriot_battery_minerals_will_start_its_next_run/
StockMarket,t3_xvez5u,https://money.tmx.com/en/quote/RABI/news/8274273417949705/AdRabbit_Limited_Announces_Proposed_Reverse_Takeover_by_Sanolla_Ltd_and_Other_Corporate_Updates
Economics,t3_xvbb8j,https://www.cnbc.com/2022/10/04/mortgage-mayhem-sparks-fears-of-a-housing-market-crash-in-britain.html
Economics,t3_xvawql,https://english.kyodonews.net/news/2022/10/575a9c3de378-japan-govt-asks-firms-to-raise-wages-to-match-inflation.html
Economics,t3_xvelmf,https://www.commondreams.org/news/2022/10/04/fed-pushes-get-wages-down-study-shows-ceo-pay-has-soared-1460-1978
Economics,t3_xw8r4y,https://www.cnn.com/2022/10/05/health/cnn-kff-mental-health-poll-wellness/index.html
Economics,t3_xw7s30,https://www.businessinsider.com/recession-ceos-preparing-esg-spending-staff-lay-off-kpmg-survey-2022-10
wallstreetbets,t3_xx4a95,https://www.reddit.com/r/wallstreetbets/comments/xx4a95/the_country_that_people_paying_taxes_almost/
Baystreetbets,t3_xwjr27,https://www.reddit.com/r/Baystreetbets/comments/xwjr27/do_you_understand_what_verses_technologies_inc/
StockMarket,t3_xx1z98,https://www.reddit.com/r/StockMarket/comments/xx1z98/microsoft_fair_value_a_discounted_cash_flow/
StockMarket,t3_xwquhx,https://i.redd.it/6ntx2oiqv2s91.jpg
StockMarket,t3_xwqbf0,https://i.redd.it/ztq9zmshr2s91.jpg
Economics,t3_xwzd9x,https://www.bbc.com/news/business-63149044
wallstreetbets,t3_xxonc9,https://i.redd.it/gi9ni8351bs91.jpg
Baystreetbets,t3_xx9i0i,https://www.reddit.com/r/Baystreetbets/comments/xx9i0i/atlas_salt_the_great_canadian_hydrogen_play/
StockMarket,t3_xxk02m,https://v.redd.it/gi1u77l3w9s91
StockMarket,t3_xxgjta,https://i.redd.it/b467deln49s91.png
Economics,t3_xxltx4,https://m.dw.com/en/germans-using-too-much-gas-could-face-emergency-later-authorities-warn/a-63364481
Economics,t3_xxjfs9,https://www.thinkadvisor.com/2022/09/28/new-bill-would-raise-i-bond-purchase-cap/
Economics,t3_xxi0sx,https://www.ft.com/content/7192f304-5d6b-41bf-b727-8801e79729a1
Economics,t3_xxfsky,https://www.cbsnews.com/news/layoffs-initial-unemployment-claims-jobless-benefits-2022-10-06/
Economics,t3_xxe2cb,https://www.msn.com/en-us/money/markets/saudi-arabia-lowers-oil-prices-for-europe-but-raises-them-again-for-the-us-as-white-house-says-opec-2b-is-siding-with-russia/ar-AA12Ftoj
Economics,t3_xxd9vk,https://www.jornada.com.mx/notas/2022/10/05/economia/mexico-mantiene-sin-cambios-produccion-de-crudo-tras-recorte-de-opep/
SuperStonk,t3_xxn9td,https://www.reddit.com/r/Superstonk/comments/xxn9td/federal_reserve_alert_from_this_weeks_fed_balance/
Economics,t3_xxvrv2,https://wvmetronews.com/2022/10/07/prices-are-going-up-and-wages-cant-keep-up/
Economics,t3_xxvc4p,https://www.cnn.com/2022/10/06/politics/marijuana-decriminalization-white-house-joe-biden/index.html
StockMarket,t3_xxz17t,https://i.redd.it/v19obvy5xds91.jpg
Economics,t3_xy0eym,https://apnews.com/article/us-jobs-report-september-2022-b91e272b3e56b1f70ef558f6029f97c5
Economics,t3_xxy14n,https://finance.yahoo.com/news/september-jobs-report-october-7-2022-203836987.html
wallstreetbets,t3_xyrnp0,https://i.redd.it/m0ntijl9tks91.png
wallstreetbets,t3_xyrbkr,https://www.reddit.com/r/wallstreetbets/comments/xyrbkr/i_just_read_the_news_the_crisis_in_europe_is/
StockMarket,t3_xyrof0,https://i.redd.it/4fine1ogtks91.png
StockMarket,t3_xygwif,https://i.redd.it/mvln8vgxrhs91.jpg
Economics,t3_xymw9i,https://www.cnbc.com/2022/10/07/september-job-gains-affirm-that-the-fed-has-a-long-way-to-go-in-inflation-fight.html
Economics,t3_xyjsmn,https://fortune.com/2022/10/06/global-recession-unctad-un-rebeca-grynspan/
Economics,t3_xyh9j2,https://www.cnn.com/2022/10/07/politics/us-postal-service-price-hikes/index.html?utm_content=2022-10-08T01%3A15%3A10&amp;utm_term=link&amp;utm_source=twCNNp&amp;utm_medium=social
SuperStonk,t3_xypz9m,https://www.reddit.com/r/Superstonk/comments/xypz9m/dont_let_citadel_get_away_with_this_take_5/
wallstreetbets,t3_y0dhli,https://www.reddit.com/r/wallstreetbets/comments/y0dhli/psfe_to_benefit_from_this_negative_pypl_news/
StockMarket,t3_y09ww8,https://www.reddit.com/r/StockMarket/comments/y09ww8/the_dollar_is_where_my_focus_is_this_week/
Economics,t3_y0ci74,https://www.bloomberg.com/news/articles/2022-10-10/-no-possibility-of-reconciliation-as-us-chip-rules-slam-china?srnd=premium
Economics,t3_y0caho,https://www.dw.com/en/when-a-billion-dollars-is-way-too-much-what-is-economic-limitarianism/a-63262943
wallstreetbets,t3_y18gb2,https://www.reddit.com/r/wallstreetbets/comments/y18gb2/is_something_cooking_at_the_ai_driven_lending/
Baystreetbets,t3_y1902y,https://redcloudresearch.com/wp-content/uploads/2022/09/20220928-GRD-Initiation-1.pdf
Baystreetbets,t3_y0h21w,https://www.reddit.com/r/Baystreetbets/comments/y0h21w/esports_play_fandifi_technology_corp_cse_fdm_fdm/
Economics,t3_y16zt3,https://www.theguardian.com/business/2022/oct/10/us-economy-recession-jamie-dimon
Baystreetbets,t3_y22co4,https://www.reddit.com/r/Baystreetbets/comments/y22co4/patriot_drills_1045_m_of_097_li2o_and_619_m_of/
Economics,t3_y2xm71,https://www.cnbc.com/2022/10/13/consumer-price-index-september-2022-.html
wallstreetbets,t3_y3t3i0,https://i.redd.it/02gso2yrprt91.jpg
Economics,t3_y3rmwf,https://www.reuters.com/world/uk/uk-finance-minister-kwarteng-has-been-sacked-bbc-2022-10-14/
Economics,t3_y3msmj,https://www.nytimes.com/2022/10/13/us/politics/biden-china-technology-semiconductors.html
wallstreetbets,t3_y4mzgx,https://www.reddit.com/r/wallstreetbets/comments/y4mzgx/gamble_at_your_own_risk_global_lehman/
wallstreetbets,t3_y4mhxl,https://www.reddit.com/r/wallstreetbets/comments/y4mhxl/using_junk_bonds_as_indicator_of_overall_market/
Baystreetbets,t3_y41jc7,https://www.reddit.com/r/Baystreetbets/comments/y41jc7/atlas_salt_inc_tsxv_salt_otcqb_remrf_the_great/
Baystreetbets,t3_y410rz,https://www.reddit.com/r/Baystreetbets/comments/y410rz/great_video_comparing_3_different_oil_companies/
Baystreetbets,t3_y3ztxl,https://www.reddit.com/r/Baystreetbets/comments/y3ztxl/recap_otcqb_bctx_briacell_therapeutics/
StockMarket,t3_y4j9vt,https://i.redd.it/kg9klxyzsxt91.png
StockMarket,t3_y4fmbq,https://i.redd.it/a59sbizpowt91.jpg
Economics,t3_y4kaw5,https://twitter.com/RBReich/status/1580666979324551168?s=20&amp;t=rmoxvQfFF2j5NxgYwnSsEA
Economics,t3_y4hbye,https://www.business-standard.com/article/international/americans-will-pay-the-most-in-25-years-to-stay-warm-during-this-winter-122101300231_1.html
Economics,t3_y4fz8r,https://www.wsj.com/articles/federal-deficit-fell-by-1-4-trillion-in-fiscal-year-2022-cbo-estimates-11665527740
SuperStonk,t3_y4m63e,https://www.reddit.com/r/Superstonk/comments/y4m63e/time_to_strike_a_blow_against_synthetic_shorting/
wallstreetbets,t3_y6afom,https://www.reddit.com/r/wallstreetbets/comments/y6afom/dd_genworth_gnw_too_the_moon_or_zero/
wallstreetbets,t3_y68vcn,https://www.reddit.com/r/wallstreetbets/comments/y68vcn/how_to_short_the_banks/
Baystreetbets,t3_y684b4,https://www.reddit.com/r/Baystreetbets/comments/y684b4/cannacord_genuity_initiates_coverage_of_patriot/
StockMarket,t3_y6a40l,https://i.redd.it/9d42e4d32du91.jpg
Economics,t3_y689lf,https://english.alarabiya.net/News/world/2022/10/17/Wages-and-social-benefits-should-rise-with-inflation-UN-expert-says
Economics,t3_y67kaj,https://www.cnbc.com/2022/10/17/uks-new-finance-minister-sets-out-.html
SuperStonk,t3_y6awmr,https://www.reddit.com/r/Superstonk/comments/y6awmr/everyone_is_missing_the_real_point_here_the_uk/
wallstreetbets,t3_y772qf,https://www.reddit.com/r/wallstreetbets/comments/y772qf/franchise_new_auto_dealer_info_for_plays_by_eod/
Baystreetbets,t3_y6dubq,https://www.reddit.com/r/Baystreetbets/comments/y6dubq/swarmio_media_holdings_cse_swrm_the_leadingedge/
StockMarket,t3_y74o0d,https://www.newswire.ca/news-releases/high-tide-announces-launch-of-its-nuleaf-naturals-multicannabinoid-products-in-ontario-890889820.html
wallstreetbets,t3_y82fvh,https://www.reddit.com/r/wallstreetbets/comments/y82fvh/insider_trading_weekly_update_010_largest_trades/
Baystreetbets,t3_y77mjx,https://www.reddit.com/r/Baystreetbets/comments/y77mjx/tse_dyato_dynacert_inc_recap/
StockMarket,t3_y80sxq,https://www.reddit.com/r/StockMarket/comments/y80sxq/netflix_rallied_14_in_premarket_trading_as_q3/
wallstreetbets,t3_y8nvo0,https://www.reddit.com/r/wallstreetbets/comments/y8nvo0/platinum_reserves_fell_below_100k_oz_will_run_out/
Baystreetbets,t3_y8mazr,https://www.reddit.com/r/Baystreetbets/comments/y8mazr/autonation_fun_run_is_dun/
StockMarket,t3_y8dr37,https://www.reddit.com/r/StockMarket/comments/y8dr37/i_was_there_35_years_ago_black_monday_october_19/
StockMarket,t3_y8d40x,https://i.redd.it/ntl89n78mtu91.png
StockMarket,t3_y8crbq,https://i.redd.it/eocf89agjtu91.png
Economics,t3_y88nnx,https://www.reuters.com/markets/us/biden-lay-out-plan-complete-emergency-oil-sales-spark-us-production-2022-10-18/
wallstreetbets,t3_y8x5l4,https://www.ft.com/content/ae9dc267-06ba-4388-b8ff-0061be227c3c
StockMarket,t3_y8ukes,https://i.redd.it/hedis9lfuxu91.jpg
Economics,t3_y8ves5,https://www.cnbc.com/2022/10/20/turkey-slashes-interest-rates-by-150-basis-points-despite-inflation-at-83percent.html
Economics,t3_y8unv6,https://www.forbes.com/sites/jonathanponciano/2022/10/18/housing-market-recession-home-builders-warn-collapse-is-unsustainable-and-prices-could-tumble-another-20/?sh=41f5104f484f
wallstreetbets,t3_y9tqlx,https://www.reddit.com/r/wallstreetbets/comments/y9tqlx/the_stars_are_aligning_for_bluewalker3_to_unfurl/
Economics,t3_y9nrmj,https://techaint.com/2022/10/21/us-sanctions-against-semiconductor-manufacturers-the-mood-of-crisis-in-china/
Economics,t3_y9l13r,https://www.marketwatch.com/story/why-the-housing-market-should-brace-for-double-digit-mortgage-rates-in-2023-11666302773
Economics,t3_y9k5la,https://www.reuters.com/world/uk/uk-pm-truss-threatens-disciplinary-action-against-rebel-lawmakers-2022-10-20/
Economics,t3_y9k1gm,https://www.msn.com/en-in/news/world/turkish-president-erdo%C4%9Fan-says-he-ll-work-with-putin-to-turn-turkey-into-a-natural-gas-hub-and-it-marks-the-next-step-in-putin-s-attempts-to-keep-selling-russian-fuel-to-europe/ar-AA13aOWz?ocid=msedgntp&amp;cvid=18e729f0e765478a86b308879888a777
SuperStonk,t3_y9rlkh,https://www.reddit.com/r/Superstonk/comments/y9rlkh/gamestop_is_building_a_metaverse_backed_by_nfts/
wallstreetbets,t3_yal5vc,https://www.reddit.com/r/wallstreetbets/comments/yal5vc/why_is_there_a_settlement_delay_since_most_trades/
Baystreetbets,t3_y9v0un,https://www.reddit.com/r/Baystreetbets/comments/y9v0un/swarmio_media_launches_another_pubg_mobile/
StockMarket,t3_yaf9g8,https://youtu.be/tifyp5zBhjk
StockMarket,t3_yaanis,https://i.redd.it/ug6effemg9v91.jpg
Economics,t3_ya6ji3,https://www.wsj.com/articles/fed-set-to-raise-rates-by-0-75-point-and-debate-size-of-future-hikes-11666356757
Economics,t3_ya19fw,https://www.bloomberg.com/news/articles/2022-10-21/asml-computer-chip-maker-tries-to-evade-us-china-tension?leadSource=uverify%20wall
Economics,t3_y9vd4g,https://www.cnbc.com/2022/10/21/british-pound-falls-1percent-reversing-the-liz-truss-resignation-bounce.html
Economics,t3_y9u6zq,https://novayagazeta.eu/articles/2022/10/21/armenias-central-bank-improves-gdp-growth-forecast-from-1-6-to-13-due-to-mass-influx-of-talented-and-well-educated-russians-into-the-country-en-news
SuperStonk,t3_yak3hj,https://www.reddit.com/r/Superstonk/comments/yak3hj/saturday_morning_dd_what_do_gary_genslers_bosses/
wallstreetbets,t3_ybzt7t,https://i.redd.it/3opgmty30ov91.jpg
StockMarket,t3_ybwl34,https://i.redd.it/0wiu4bb7pov91.jpg
Economics,t3_ybz5mc,https://www.cnbc.com/2022/10/24/china-third-quarter-gdp.html
Economics,t3_ybwkjz,https://www.ft.com/content/19b115b0-893b-4962-847d-6b33daf99e74
Economics,t3_ybv3p8,https://www.cnn.com/2022/10/23/investing/stocks-week-ahead/index.html
Economics,t3_ybpmm6,https://www.ft.com/content/ddcd309f-2aa3-4a60-98bb-95ff0f495439
Economics,t3_ybo4vp,https://www.bloomberg.com/news/articles/2022-10-10/imf-world-bank-warn-of-increasing-risk-of-global-recession
Economics,t3_ybdfx1,https://doi.org/10.1002/ijfe.2630
SuperStonk,t3_ybyu9p,https://www.reddit.com/r/Superstonk/comments/ybyu9p/computershare_tested_blockchain_ownership_of/
wallstreetbets,t3_yc155q,https://www.reddit.com/r/wallstreetbets/comments/yc155q/fila_stock_thoughts/
wallstreetbets,t3_yc0vpo,https://www.reddit.com/r/wallstreetbets/comments/yc0vpo/im_trying_to_make_a_69420_iq_move/
Economics,t3_ybzt6v,https://www.ft.com/content/6baeb403-80bd-448e-889e-2be3ba2cc8be
Economics,t3_ybxbt1,https://aeon.co/essays/has-the-time-come-for-a-quantum-revolution-in-economics
SuperStonk,t3_yc0jcv,https://www.reddit.com/r/Superstonk/comments/yc0jcv/jacked_the_fed_fdic_are_crying_for_help/
wallstreetbets,t3_yc7txv,https://i.redd.it/9ap13nbzeqv91.jpg
wallstreetbets,t3_yc7nmq,https://i.redd.it/ctkbpf64dqv91.png
wallstreetbets,t3_yc784a,https://www.reddit.com/r/wallstreetbets/comments/yc784a/daily_discussion_thread_for_october_24_2022/
StockMarket,t3_yc8195,https://i.redd.it/qh5iimc3hqv91.jpg
Economics,t3_yc43xl,https://www.washingtonpost.com/business/2022/10/22/gdp-growth-economy-inflation/
Economics,t3_yc2fmp,https://www.ft.com/content/cff42bc4-f9e3-4f51-985a-86518934afbe
SuperStonk,t3_ycb84d,https://www.reddit.com/r/Superstonk/comments/ycb84d/prelude_to_total_fucking_meltdown_the_coming_uk/
SuperStonk,t3_yc9gcx,https://www.reddit.com/r/Superstonk/comments/yc9gcx/brokerages_do_not_owe_you_a_fiduciary/
StockMarket,t3_yd3ht5,https://www.reddit.com/r/StockMarket/comments/yd3ht5/flash_alpha_pain_or_opportunities_ahead/
StockMarket,t3_yd333y,https://i.redd.it/m3i4ysr0zxv91.jpg
Economics,t3_yd42xm,https://binsider.bond/poorest-americans-drink-a-lot-more-sugary-drinks-than-the-richest-which-is-why-soda-taxes-could-help-reduce-gaping-health-inequalities/
Economics,t3_yd37p9,https://www.bloomberg.com/news/articles/2022-10-21/macron-accuses-us-of-trade-double-standard-amid-energy-crunch
Economics,t3_yd0big,https://www.economist.com/finance-and-economics/2022/10/20/housing-markets-face-a-brutal-squeeze?itm_source=parsely-api
wallstreetbets,t3_ydxvmz,https://www.reddit.com/r/wallstreetbets/comments/ydxvmz/insider_trading_weekly_update_011_largest_trades/
Baystreetbets,t3_yducwl,https://www.reddit.com/r/Baystreetbets/comments/yducwl/the_most_significant_lithium_discovery_in_decades/
Baystreetbets,t3_yd7ajq,https://www.reddit.com/r/Baystreetbets/comments/yd7ajq/smallcap_bet_csetsf_for_shipping_industry_going/
StockMarket,t3_ydxb5z,https://i.redd.it/381a0e8jc5w91.jpg
Economics,t3_ydu8n4,https://iai.tv/articles/the-fantasy-economics-of-the-nobel-prize-auid-2279?_auid=2020
SuperStonk,t3_ydxvkl,https://www.reddit.com/r/Superstonk/comments/ydxvkl/comment_letter_opportunity_closing_hundreds_of/
